<?xml version="1.0" encoding="UTF-8"?>

<Profile xmlns="http://hl7.org/fhir">
  <id value="integer"/>
  <text>
    <status value="generated"/>
    <div xmlns="http://www.w3.org/1999/xhtml">to do</div>
  </text>
  <url value="http://hl7.org/fhir/Profile/integer"/>
  <name value="integer"/>
  <publisher value="HL7 FHIR Standard"/>
  <telecom>
    <system value="url"/>
    <value value="http://hl7.org/fhir"/>
  </telecom>
  <description value="Base Profile for integer Resource: A whole number"/>
  <status value="draft"/>
  <date value="2014-12-12T13:17:44.755+11:00"/>
  <type value="integer"/>
  <base value="http://hl7.org/fhir/Profile/Element"/>
  <snapshot>
    <element>
      <path value="integer"/>
      <short value="Primitive Type integer"/>
      <formal value="A whole number"/>
      <comments value="32 bit number; for values larger than this, use decimal"/>
      <min value="0"/>
      <max value="*"/>
      <type>
        <code value="Element"/>
      </type>
    </element>
    <element>
      <path value="integer.extension"/>
      <short value="Additional Content defined by implementations"/>
      <formal value="May be used to represent additional information that is not part of the basic definition of the resource. In order to make the use of extensions safe and manageable, there is a strict set of governance  applied to the definition and use of extensions. Though any implementer is allowed to define an extension, there is a set of requirements that SHALL be met as part of the definition of the extension."/>
      <comments value="There can be no stigma associated with the use of extensions by any application, project, or standard - regardless of the institution or jurisdiction that uses or defines the extensions.  The use of extensions is what allows the FHIR specification to retain a core level of simplicity for everyone."/>
      <synonym value="extensions"/>
      <synonym value="user content"/>
      <min value="0"/>
      <max value="*"/>
      <type>
        <code value="Extension"/>
      </type>
      <isSummary value="false"/>
    </element>
    <element>
      <path value="value"/>
      <representation value="xmlAttr"/>
      <short value="Primitive value for integer"/>
      <min value="0"/>
      <max value="1"/>
      <type>
        <code value="xsd:int"/>
      </type>
    </element>
  </snapshot>
  <differential>
    <element>
      <path value="integer"/>
      <short value="Primitive Type integer"/>
      <formal value="A whole number"/>
      <comments value="32 bit number; for values larger than this, use decimal"/>
      <min value="0"/>
      <max value="*"/>
      <type>
        <code value="Element"/>
      </type>
    </element>
    <element>
      <path value="value"/>
      <representation value="xmlAttr"/>
      <short value="Primitive value for integer"/>
      <min value="0"/>
      <max value="1"/>
      <type>
        <code value="xsd:int"/>
      </type>
    </element>
  </differential>
</Profile>