<?xml version="1.0" encoding="UTF-8"?>

<Encounter xmlns="http://hl7.org/fhir">
  <text>
    <status value="generated"/>
    <div xmlns="http://www.w3.org/1999/xhtml">
      <p>
        <b>Generated Narrative</b>
      </p>
      <p>
        <b>identifier</b>: Roel&#39;s encounter on April fourth 2013 = Encounter_Roel_20130404 (temp)
      </p>
      <p>
        <b>status</b>: finished
      </p>
      <p>
        <b>class</b>: outpatient
      </p>
      <p>
        <b>type</b>: 
        <span title="Codes: {http://snomed.info/sct 11429006}">Consultation</span>
      </p>
      <p>
        <b>subject</b>: Roel
      </p>
      <h3>Participants</h3>
      <table class="grid">
        <tr>
          <td>
            <b>Type</b>
          </td>
          <td>
            <b>Individual</b>
          </td>
        </tr>
        <tr>
          <td> </td>
          <td>
            <a href="practitioner-example-f201-ab.html">UZI-nummer = 12345678901 (official); Dokter Bronsig(official); Male; birthDate: 24-Dec 1956; Implementation of planned interventions; Medical oncologist</a>
          </td>
        </tr>
      </table>
      <p>
        <b>reason</b>: 
        <span title="Codes: ">The patient had fever peaks over the last couple of days. He is worried about these peaks.</span>
      </p>
      <p>
        <b>priority</b>: 
        <span title="Codes: {http://snomed.info/sct 17621005}">Normal</span>
      </p>
      <p>
        <b>serviceProvider</b>: 
        <a href="organization-example-f201-aumc.html">Zorginstelling naam = Artis University Medical Center (official); name: Artis University Medical Center (AUMC); Academic Medical Center; active</a>
      </p>
    </div>
  </text>
  <identifier>
    <use value="temp"/><!--   0..1 The use of this identifier   -->
    <label value="Roel&#39;s encounter on April fourth 2013"/>
    <value value="Encounter_Roel_20130404"/>
  </identifier>
  <status value="finished"/><!--  Encounter has finished  -->
  <class value="outpatient"/><!--  Outpatient encounter for consultation  -->
  <type><!--  TODO Why is this merely a CodeableConcept and not Resource (any)?  -->
    <coding>
      <system value="http://snomed.info/sct"/>
      <code value="11429006"/>
      <display value="Consultation"/>
    </coding>
  </type>
  <subject>
    <reference value="Patient/f201"/>
    <display value="Roel"/>
  </subject>
  <participant>
    <individual>
      <reference value="Practitioner/f201"/>
    </individual>
  </participant>
  <reason>
    <text value="The patient had fever peaks over the last couple of days. He is worried about these peaks."/>
  </reason><!--  No indication, because no referral took place  -->
  <priority><!--  Normal priority  -->
    <coding>
      <system value="http://snomed.info/sct"/>
      <code value="17621005"/>
      <display value="Normal"/>
    </coding>
  </priority><!--  No hospitalization was deemed necessary  -->
  <serviceProvider>
    <reference value="Organization/f201"/>
  </serviceProvider>
</Encounter>