<?xml version="1.0" encoding="UTF-8"?>

<Encounter xmlns="http://hl7.org/fhir">
  <text>
    <status value="generated"/>
    <div xmlns="http://www.w3.org/1999/xhtml">
      <p>
        <b>Generated Narrative</b>
      </p>
      <p>
        <b>identifier</b>: Roel&#39;s encounter on March eleventh 2013 = Encounter_Roel_20130311 (temp)
      </p>
      <p>
        <b>status</b>: finished
      </p>
      <p>
        <b>class</b>: inpatient
      </p>
      <p>
        <b>type</b>: 
        <span title="Codes: {http://snomed.info/sct 183807002}">Inpatient stay for nine days</span>
      </p>
      <p>
        <b>subject</b>: Roel
      </p>
      <h3>Participants</h3>
      <table class="grid">
        <tr>
          <td>
            <b>Type</b>
          </td>
          <td>
            <b>Individual</b>
          </td>
        </tr>
        <tr>
          <td> </td>
          <td>
            <a href="practitioner-example-f201-ab.html">UZI-nummer = 12345678901 (official); Dokter Bronsig(official); Male; birthDate: 24-Dec 1956; Implementation of planned interventions; Medical oncologist</a>
          </td>
        </tr>
      </table>
      <p>
        <b>reason</b>: 
        <span title="Codes: ">The patient seems to suffer from bilateral pneumonia and renal insufficiency, most likely due to chemotherapy.</span>
      </p>
      <p>
        <b>priority</b>: 
        <span title="Codes: {http://snomed.info/sct 394849002}">High priority</span>
      </p>
      <blockquote>
        <p>
          <b>hospitalization</b>
        </p>
        <p>
          <b>admitSource</b>: 
          <span title="Codes: {http://snomed.info/sct 309902002}">Clinical Oncology Department</span>
        </p>
        <p>
          <b>period</b>: 11-Mar 2013 --&gt; 20-Mar 2013
        </p>
        <p>
          <b>diet</b>: 
          <span title="Codes: {http://snomed.info/sct 276026009}">Fluid balance regulation</span>
        </p>
        <p>
          <b>reAdmission</b>: false
        </p>
      </blockquote>
      <p>
        <b>serviceProvider</b>: 
        <a href="organization-example-f201-aumc.html">Zorginstelling naam = Artis University Medical Center (official); name: Artis University Medical Center (AUMC); Academic Medical Center; active</a>
      </p>
    </div>
  </text>
  <identifier>
    <use value="temp"/>
    <label value="Roel&#39;s encounter on March eleventh 2013"/>
    <value value="Encounter_Roel_20130311"/>
  </identifier>
  <status value="finished"/><!--  Encounter has finished  -->
  <class value="inpatient"/><!--  Inpatient encounter for straphylococcus infection  -->
  <type>
    <coding>
      <system value="http://snomed.info/sct"/>
      <code value="183807002"/>
      <display value="Inpatient stay for nine days"/>
    </coding>
  </type>
  <subject>
    <reference value="Patient/f201"/>
    <display value="Roel"/>
  </subject>
  <participant>
    <individual>
      <reference value="Practitioner/f201"/>
    </individual>
  </participant>
  <reason>
    <text value="The patient seems to suffer from bilateral pneumonia and renal insufficiency, most likely due to chemotherapy."/>
  </reason><!--  No indication, because no referral took place  -->
  <priority><!--  High priority  -->
    <coding>
      <system value="http://snomed.info/sct"/>
      <code value="394849002"/>
      <display value="High priority"/>
    </coding>
  </priority>
  <hospitalization><!--    <origin>
     <reference value="Location/2"/>     
  </origin>  -->
    <admitSource>
      <coding>
        <system value="http://snomed.info/sct"/>
        <code value="309902002"/>
        <display value="Clinical Oncology Department"/>
      </coding>
    </admitSource>
    <period>
      <start value="2013-03-11"/>
      <end value="2013-03-20"/>
    </period><!--  accomodation details are not available  -->
    <diet>
      <coding>
        <system value="http://snomed.info/sct"/>
        <code value="276026009"/>
        <display value="Fluid balance regulation"/>
      </coding>
    </diet><!--  no special courtesy or arrangements  --><!--    <destination><!-\-Fictive-\->
     <reference value="Location/f202"/>  
  </destination>  -->
    <reAdmission value="false"/>
  </hospitalization>
  <serviceProvider>
    <reference value="Organization/f201"/>
  </serviceProvider>
</Encounter>