<?xml version="1.0" encoding="UTF-8"?>

<Observation xmlns="http://hl7.org/fhir">
  <text>
    <status value="generated"/>
    <div xmlns="http://www.w3.org/1999/xhtml">
      <p>
        <b>Generated Narrative</b>
      </p>
      <p>
        <b>name</b>: 
        <span title="Codes: {http://snomed.info/sct 104177005}">Blood culture for bacteria, including anaerobic screen</span>
      </p>
      <p>
        <b>value[x]</b>: 
        <span title="Codes: {http://snomed.info/sct 8745002}">Gram-positive bacteria</span>
      </p>
      <p>
        <b>interpretation</b>: 
        <span title="Codes: {http://hl7.org/fhir/v2/0078 POS}">Positive</span>
      </p>
      <p>
        <b>issued</b>: 11-Mar 2013 10:28
      </p>
      <p>
        <b>status</b>: final_
      </p>
      <p>
        <b>reliability</b>: ok
      </p>
      <p>
        <b>method</b>: 
        <span title="Codes: {http://snomed.info/sct 104177005}">Blood culture for bacteria, including anaerobic screen</span>
      </p>
      <p>
        <b>subject</b>: Roel
      </p>
      <p>
        <b>performer</b>: Luigi Maas
      </p>
    </div>
  </text>
  <name><!--  Kind of observation = Blood culture  -->
    <coding>
      <system value="http://snomed.info/sct"/>
      <code value="104177005"/>
      <display value="Blood culture for bacteria, including anaerobic screen"/>
    </coding>
  </name>
  <valueCodeableConcept>
    <coding>
      <system value="http://snomed.info/sct"/>
      <code value="8745002"/>
      <display value="Gram-positive bacteria"/>
    </coding>
  </valueCodeableConcept>
  <interpretation>
    <coding>
      <system value="http://hl7.org/fhir/v2/0078"/>
      <code value="POS"/>
    </coding>
  </interpretation>
  <issued value="2013-03-11T10:28:00+01:00"/>
  <status value="final"/>
  <reliability value="ok"/><!--  BodySite not relevant  -->
  <method>
    <coding>
      <system value="http://snomed.info/sct"/>
      <code value="104177005"/>
      <display value="Blood culture for bacteria, including anaerobic screen"/>
    </coding>
  </method><!--  No identifier could be provided to this observation  -->
  <subject><!--  It entails Roel's Staphylococcus  -->
    <reference value="Patient/f201"/>
    <display value="Roel"/>
  </subject>
  <performer><!--  Roel's blood culture was tested by Luigi Maas  -->
    <reference value="Practitioner/f202"/>
    <display value="Luigi Maas"/>
  </performer>
</Observation>