<?xml version="1.0" encoding="UTF-8"?>

<Observation xmlns="http://hl7.org/fhir">
  <text>
    <status value="generated"/>
    <div xmlns="http://www.w3.org/1999/xhtml">
      <p>
        <b>Generated Narrative</b>
      </p>
      <p>
        <b>name</b>: 
        <span title="Codes: {http://snomed.info/sct 365756002}">Creatinine level</span>
      </p>
      <p>
        <b>value[x]</b>: 122 umol/L
      </p>
      <p>
        <b>interpretation</b>: 
        <span title="Codes: {http://snomed.info/sct 166717003}, {http://hl7.org/fhir/v2/0078 H}">Serum creatinine raised</span>
      </p>
      <p>
        <b>issued</b>: 4-Apr 2013 14:34
      </p>
      <p>
        <b>status</b>: final_
      </p>
      <p>
        <b>reliability</b>: ok
      </p>
      <p>
        <b>method</b>: 
        <span title="Codes: {http://snomed.info/sct 113075003}">Creatinine measurement, serum</span>
      </p>
      <p>
        <b>identifier</b>: Creatinine value of Roel on April 2013 - 03720 = 1304-03720-Creatinine
      </p>
      <p>
        <b>subject</b>: Roel
      </p>
      <p>
        <b>performer</b>: Luigi Maas
      </p>
      <h3>ReferenceRanges</h3>
      <table class="grid">
        <tr>
          <td>
            <b>Low</b>
          </td>
          <td>
            <b>High</b>
          </td>
          <td>
            <b>Meaning</b>
          </td>
          <td>
            <b>Age</b>
          </td>
        </tr>
        <tr>
          <td>64 null</td>
          <td>104 null</td>
          <td>
            <span title="Codes: {http://hl7.org/fhir/referencerange-meaning normal}">Normal Range</span>
          </td>
          <td> </td>
        </tr>
      </table>
    </div>
  </text>
  <name><!--  Kind of observation = Creatinine  -->
    <coding>
      <system value="http://snomed.info/sct"/>
      <code value="365756002"/>
      <display value="Creatinine level"/>
    </coding>
  </name>
  <valueQuantity><!--  Creatinine=122mmol/L  -->
    <value value="122"/>
    <units value="umol/L"/>
    <system value="http://snomed.info/sct"/>
    <code value="258814008"/>
  </valueQuantity>
  <interpretation>
    <coding>
      <system value="http://snomed.info/sct"/>
      <code value="166717003"/>
      <display value="Serum creatinine raised"/>
    </coding>
    <coding>
      <system value="http://hl7.org/fhir/v2/0078"/>
      <code value="H"/>
    </coding>
  </interpretation>
  <issued value="2013-04-04T14:34:00+01:00"/><!--  Creatinine was measured on April fourth  -->
  <status value="final"/><!--  The observation is complete  -->
  <reliability value="ok"/><!--  No reliability concerns  -->
  <method><!--  Method was serum measurement  -->
    <coding>
      <system value="http://snomed.info/sct"/>
      <code value="113075003"/>
      <display value="Creatinine measurement, serum"/>
    </coding>
  </method>
  <identifier>
    <label value="Creatinine value of Roel on April 2013 - 03720"/>
    <system value="https://intranet.aumc.nl/labvalues"/><!--  Does not exist  -->
    <value value="1304-03720-Creatinine"/>
  </identifier>
  <subject><!--  It entails Roel's Creatinine level  -->
    <reference value="Patient/f201"/>
    <display value="Roel"/>
  </subject>
  <performer><!--  The creatinine level was measured by Luigi Maas  -->
    <reference value="Practitioner/f202"/>
    <display value="Luigi Maas"/>
  </performer>
  <referenceRange><!--  Healthy creatinine level ranges from 64umol/L to 104umol/L  -->
    <low>
      <value value="64"/>
    </low>
    <high>
      <value value="104"/>
    </high>
    <meaning>
      <coding>
        <system value="http://hl7.org/fhir/referencerange-meaning"/>
        <code value="normal"/>
        <display value="Normal Range"/>
      </coding>
    </meaning>
  </referenceRange>
</Observation>