<?xml version="1.0" encoding="UTF-8"?>

<Order xmlns="http://hl7.org/fhir">
  <text>
    <status value="generated"/>
    <div xmlns="http://www.w3.org/1999/xhtml">
      <p>
        <b>Generated Narrative</b>
      </p>
      <p>
        <b>date</b>: 5-Mar 2013 12:0
      </p>
      <p>
        <b>subject</b>: Roel
      </p>
      <p>
        <b>source</b>: 
        <a href="practitioner-example-f201-ab.html">UZI-nummer = 12345678901 (official); Dokter Bronsig(official); Male; birthDate: 24-Dec 1956; Implementation of planned interventions; Medical oncologist</a>
      </p>
      <p>
        <b>target</b>: Juri van Gelder
      </p>
      <p>
        <b>reason[x]</b>: 
        <span title="Codes: ">It concerns a one-off order for consultation in order to evaluate the stairs walking ability of Roel.</span>
      </p>
      <h3>Whens</h3>
      <table class="grid">
        <tr>
          <td>
            <b>Code</b>
          </td>
          <td>
            <b>Schedule</b>
          </td>
        </tr>
        <tr>
          <td>
            <span title="Codes: {http://snomed.info/sct 394848005}">Normal priority</span>
          </td>
          <td> </td>
        </tr>
      </table>
      <p>
        <b>detail</b>: Consultation, not yet developed
      </p>
    </div>
  </text>
  <date value="2013-03-05T12:00:00+01:00"/>
  <subject><!--  Order was sent to Juri van Gelder for Roel by Dokter Bronsig.  -->
    <reference value="Patient/f201"/>
    <display value="Roel"/>
  </subject>
  <source>
    <reference value="Practitioner/f201"/>
  </source>
  <target>
    <reference value="Practitioner/f203"/>
    <display value="Juri van Gelder"/>
  </target>
  <reasonCodeableConcept>
    <text value="It concerns a one-off order for consultation in order to evaluate the stairs walking ability of Roel."/>
  </reasonCodeableConcept><!--  <authority> and <payment> were registered in the EHR as "not applicable"  -->
  <when>
    <code>
      <coding>
        <system value="http://snomed.info/sct"/>
        <code value="394848005"/>
        <display value="Normal priority"/>
      </coding>
    </code>
  </when>
  <detail>
    <display value="Consultation, not yet developed"/>
  </detail>
</Order>