<?xml version="1.0" encoding="UTF-8"?>

<Organization xmlns="http://hl7.org/fhir">
  <text>
    <status value="generated"/>
    <div xmlns="http://www.w3.org/1999/xhtml">
      <p>
        <b>Generated Narrative</b>
      </p>
      <p>
        <b>identifier</b>: Zorginstelling naam = Blijdorp MC (official)
      </p>
      <p>
        <b>name</b>: Blijdorp Medisch Centrum (BUMC)
      </p>
      <p>
        <b>type</b>: 
        <span title="Codes: {http://snomed.info/sct 405608006}, {http://hl7.org/fhir/organization-type prov}">Academic Medical Center</span>
      </p>
      <p>
        <b>telecom</b>: ph: +31107040704(work)
      </p>
      <p>
        <b>address</b>: apenrots 230 Blijdorp 3056BE NLD (work)
      </p>
      <p>
        <b>active</b>: true
      </p>
    </div>
  </text>
  <identifier><!--  Identifier for the BMC  -->
    <use value="official"/>
    <label value="Zorginstelling naam"/>
    <system value="http://www.zorgkaartnederland.nl/"/>
    <value value="Blijdorp MC"/>
  </identifier>
  <name value="Blijdorp Medisch Centrum (BUMC)"/>
  <type><!--  BMC is an Academic Medical Center  -->
    <coding>
      <system value="http://snomed.info/sct"/>
      <code value="405608006"/>
      <display value="Academic Medical Center"/>
    </coding>
    <coding>
      <system value="http://hl7.org/fhir/organization-type"/>
      <code value="prov"/>
    </coding>
  </type>
  <telecom><!--  BMC's contact detail  -->
    <system value="phone"/>
    <value value="+31107040704"/>
    <use value="work"/>
  </telecom>
  <address><!--  BMC's address  -->
    <use value="work"/>
    <line value="apenrots 230"/>
    <city value="Blijdorp"/>
    <zip value="3056BE"/>
    <country value="NLD"/>
  </address><!--  ISO 3166 3 letter code  --><!--     <accreditation>
      <!-\-NIAZ Accreditatie-\->
      <identifier>
         <!-\-Identifier for the accreditation -\->
         <label value="BMC's NIAZ accreditation"/>
         <system value="http://www.niaz.nl/"/>
         <value value="NIAZ accreditation"/>
      </identifier>
      <period>
         <start value="2008-11-07"/>
         <end value="2013-11-07"/>
      </period>
   </accreditation>  -->
  <active value="true"/>
</Organization>