<?xml version="1.0" encoding="UTF-8"?>

<Practitioner xmlns="http://hl7.org/fhir">
  <text>
    <status value="generated"/>
    <div xmlns="http://www.w3.org/1999/xhtml">
      <p>
        <b>Generated Narrative</b>
      </p>
      <p>
        <b>identifier</b>: 874635264 (official), 567IUI51C154 (usual)
      </p>
      <p>
        <b>name</b>: Simone Heps (official)
      </p>
      <p>
        <b>telecom</b>: ph: 020556936(work), S.M.Heps@bmc.nl(work), fax: 0205669283(work)
      </p>
      <p>
        <b>address</b>: Galapagosweg 91 Den Burg 9105 PZ NLD (work)
      </p>
      <p>
        <b>gender</b>: 
        <span title="Codes: {http://hl7.org/fhir/v3/AdministrativeGender F}">Female</span>
      </p>
      <p>
        <b>birthDate</b>: 7-Nov 1971
      </p>
      <p>
        <b>organization</b>: BMC
      </p>
      <p>
        <b>role</b>: 
        <span title="Codes: {urn:oid:2.16.840.1.113883.2.4.15.111 01.000}">Care role</span>
      </p>
      <p>
        <b>specialty</b>: 
        <span title="Codes: {urn:oid:2.16.840.1.113883.2.4.15.111 01.015}">specialisation</span>
      </p>
    </div>
  </text>
  <identifier>
    <use value="official"/>
    <system value="urn:oid:2.16.528.1.1007.3.1"/><!--   Identificatiesysteem Zorgverlener UZI   -->
    <value value="874635264"/>
  </identifier>
  <identifier>
    <use value="usual"/>
    <system value="urn:oid:2.16.840.1.113883.2.4.6.3"/><!--   BSN identification system   -->
    <value value="567IUI51C154"/>
  </identifier>
  <name>
    <use value="official"/>
    <family value="Heps"/>
    <given value="Simone"/>
    <suffix value="MD"/>
  </name>
  <telecom>
    <system value="phone"/>
    <value value="020556936"/>
    <use value="work"/>
  </telecom>
  <telecom>
    <system value="email"/>
    <value value="S.M.Heps@bmc.nl"/>
    <use value="work"/>
  </telecom>
  <telecom>
    <system value="fax"/>
    <value value="0205669283"/>
    <use value="work"/>
  </telecom>
  <address>
    <use value="work"/>
    <line value="Galapagosweg 91"/>
    <city value="Den Burg"/>
    <zip value="9105 PZ"/>
    <country value="NLD"/>
  </address><!--   ISO 3166 Codes (Countries)   -->
  <gender>
    <coding>
      <system value="http://hl7.org/fhir/v3/AdministrativeGender"/>
      <code value="F"/>
      <display value="Female"/>
    </coding>
  </gender>
  <birthDate value="1971-11-07"/>
  <organization><!--   deze moet gekoppeld worden aan een RESOURCE ORGANIZATION   -->
    <reference value="Organization/f001"/>
    <display value="BMC"/>
  </organization>
  <role>
    <coding>
      <system value="urn:oid:2.16.840.1.113883.2.4.15.111"/><!--   "AssignedRoleType" coding system   -->
      <code value="01.000"/>
      <display value="Arts"/>
    </coding>
    <text value="Care role"/>
  </role>
  <specialty>
    <coding>
      <system value="urn:oid:2.16.840.1.113883.2.4.15.111"/><!--   "AssignedRoleType" coding system   -->
      <code value="01.015"/>
      <display value="Physician"/>
    </coding>
    <text value="specialisation"/>
  </specialty>
</Practitioner>