<?xml version="1.0" encoding="UTF-8"?>

<Procedure xmlns="http://hl7.org/fhir">
  <text>
    <status value="generated"/>
    <div xmlns="http://www.w3.org/1999/xhtml">
      <p>
        <b>Generated Narrative</b>
      </p>
      <p>
        <b>subject</b>: Roel
      </p>
      <p>
        <b>type</b>: 
        <span title="Codes: {http://snomed.info/sct 367336001}">Chemotherapy</span>
      </p>
      <p>
        <b>bodySite</b>: 
        <span title="Codes: {http://snomed.info/sct 272676008}">Sphenoid bone</span>
      </p>
      <p>
        <b>indication</b>: 
        <span title="Codes: ">DiagnosticReport/f201</span>
      </p>
      <h3>Performers</h3>
      <table class="grid">
        <tr>
          <td>
            <b>Person</b>
          </td>
          <td>
            <b>Role</b>
          </td>
        </tr>
        <tr>
          <td>Dokter Bronsig</td>
          <td>
            <span title="Codes: {http://snomed.info/sct 310512001}">Medical oncologist</span>
          </td>
        </tr>
      </table>
      <p>
        <b>date</b>: 28-Jan 2013 13:31 --&gt; 28-Jan 2013 14:27
      </p>
      <p>
        <b>encounter</b>: Roel&#39;s encounter on January 28th, 2013
      </p>
      <p>
        <b>notes</b>: Eerste neo-adjuvante TPF-kuur bij groot proces in sphenoid met intracraniale uitbreiding.
      </p>
    </div>
  </text>
  <subject><!--  It entails Roel's TPF treatment  -->
    <reference value="Patient/f201"/>
    <display value="Roel"/>
  </subject>
  <type><!--  The procedure is TPF-based chemotherapy  -->
    <coding>
      <system value="http://snomed.info/sct"/>
      <code value="367336001"/>
      <display value="Chemotherapy"/>
    </coding>
  </type>
  <bodySite>
    <coding>
      <system value="http://snomed.info/sct"/>
      <code value="272676008"/>
      <display value="Sphenoid bone"/>
    </coding>
  </bodySite>
  <indication>
    <text value="DiagnosticReport/f201"/>
  </indication><!--  TODO Why can't this be Resource (any) AND String?  -->
  <performer>
    <person>
      <reference value="Practitioner/f201"/>
      <display value="Dokter Bronsig"/>
    </person>
    <role>
      <coding>
        <system value="http://snomed.info/sct"/>
        <code value="310512001"/>
        <display value="Medical oncologist"/>
      </coding>
    </role>
  </performer>
  <date>
    <start value="2013-01-28T13:31:00+01:00"/>
    <end value="2013-01-28T14:27:00+01:00"/>
  </date>
  <encounter>
    <reference value="Encounter/f202"/>
    <display value="Roel&#39;s encounter on January 28th, 2013"/>
  </encounter><!--  No outcomes, reports, complications or follow-ups were available  -->
  <notes value="Eerste neo-adjuvante TPF-kuur bij groot proces in sphenoid met intracraniale uitbreiding."/>
</Procedure>