<?xml version="1.0" encoding="UTF-8"?>

<Procedure xmlns="http://hl7.org/fhir">
  <text>
    <status value="generated"/>
    <div xmlns="http://www.w3.org/1999/xhtml">
      <p>
        <b>Generated Narrative</b>
      </p>
      <p>
        <b>subject</b>: P. van de Heuvel
      </p>
      <p>
        <b>type</b>: 
        <span title="Codes: {http://snomed.info/sct 34068001}">Heart valve replacement</span>
      </p>
      <p>
        <b>bodySite</b>: 
        <span title="Codes: {http://snomed.info/sct 17401000}">Heart valve structure</span>
      </p>
      <p>
        <b>indication</b>: 
        <span title="Codes: ">Heart valve disorder</span>
      </p>
      <h3>Performers</h3>
      <table class="grid">
        <tr>
          <td>
            <b>Person</b>
          </td>
          <td>
            <b>Role</b>
          </td>
        </tr>
        <tr>
          <td>P. Voigt</td>
          <td>
            <span title="Codes: {urn:oid:2.16.840.1.113883.2.4.15.111 01.000}">Care role</span>
          </td>
        </tr>
      </table>
      <p>
        <b>date</b>: 26-Jun 2011 --&gt; 27-Jun 2011
      </p>
      <p>
        <b>encounter</b>: 
        <a href="encounter-example-f001-heart.html">v1451 (official); finished; outpatient; Patient-initiated encounter; 140 min; Heart valve replacement; Non-urgent cardiological admission</a>
      </p>
      <p>
        <b>outcome</b>: improved blood circulation
      </p>
      <p>
        <b>report</b>: Lab results blood test
      </p>
      <p>
        <b>followUp</b>: described in care plan
      </p>
    </div>
  </text>
  <subject>
    <reference value="Patient/f001"/>
    <display value="P. van de Heuvel"/>
  </subject>
  <type>
    <coding>
      <system value="http://snomed.info/sct"/>
      <code value="34068001"/>
      <display value="Heart valve replacement"/>
    </coding>
  </type>
  <bodySite>
    <coding>
      <system value="http://snomed.info/sct"/>
      <code value="17401000"/>
      <display value="Heart valve structure"/>
    </coding>
  </bodySite>
  <indication>
    <text value="Heart valve disorder"/>
  </indication>
  <performer>
    <person>
      <reference value="Practitioner/f002"/>
      <display value="P. Voigt"/>
    </person>
    <role>
      <coding>
        <system value="urn:oid:2.16.840.1.113883.2.4.15.111"/><!--   "AssignedRoleType" coding system   -->
        <code value="01.000"/>
        <display value="Arts"/>
      </coding>
      <text value="Care role"/>
    </role>
  </performer>
  <date>
    <start value="2011-06-26"/>
    <end value="2011-06-27"/>
  </date>
  <encounter>
    <reference value="Encounter/f001"/>
  </encounter>
  <outcome value="improved blood circulation"/>
  <report>
    <reference value="DiagnosticReport/f001"/>
    <display value="Lab results blood test"/>
  </report>
  <followUp value="described in care plan"/>
</Procedure>