<?xml version="1.0" encoding="UTF-8"?><CapabilityStatement xmlns="http://hl7.org/fhir">
  <id value="messagedefinition"/>
  <meta>
    <security>
      <system value="http://hl7.org/fhir/v3/ActReason"/>
      <code value="HTEST"/>
      <display value="test health data"/>
    </security>
  </meta>
  <text>
    <status value="generated"/>
    <div xmlns="http://www.w3.org/1999/xhtml">
      <h2/>
      <div>
        <p>Sample capability statement showing new MessageDefinition structure</p>

      </div>
    </div>
  </text>
  <status value="draft"/>
  <experimental value="true"/>
  <date value="2012-01-04"/>
  <publisher value="ACME Corporation"/>
  <contact>
    <name value="System Administrator"/>
    <telecom>
      <system value="email"/>
      <value value="wile@acme.org"/>
    </telecom>
  </contact>
  <description value="Sample capability statement showing new MessageDefinition structure"/>
  <kind value="instance"/>
  <software>
    <name value="EHR"/>
  </software>
  <implementation>
    <description value="http://acem.com/fhir/message-drop"/>
  </implementation>
  <fhirVersion value="3.6.0"/>
  <format value="xml"/>
  <format value="json"/>
  <messaging>
    <endpoint>
      <protocol>
        <system value="http://terminology.hl7.org/CodeSystem/message-transport"/>
        <code value="mllp"/>
      </protocol>
      <address value="mllp:10.1.1.10:9234"/>
    </endpoint>
    <reliableCache value="30"/>
    <documentation value="ADT A08 equivalent for external system notifications"/>
    <supportedMessage>
      <mode value="receiver"/>
      <definition value="MessageDefinition/example"/>
    </supportedMessage>
  </messaging>
</CapabilityStatement>