<?xml version="1.0" encoding="UTF-8"?><ConceptMap xmlns="http://hl7.org/fhir">
  <id value="103"/>
  <meta>
    <security>
      <system value="http://hl7.org/fhir/v3/ActReason"/>
      <code value="HTEST"/>
      <display value="test health data"/>
    </security>
  </meta>
  <text>
    <status value="generated"/>
    <div xmlns="http://www.w3.org/1999/xhtml">
      <h2>SNOMED CT to ICD-10-CM mappings for fracture of ulna (http://hl7.org/fhir/ConceptMap/103)</h2>
      <p>Mapping from http://snomed.info/id?fhir_vs to http://hl7.org/fhir/sid/icd-10-us</p>
      <p>DRAFT (not intended for production usage). Published on Jun 13, 2012 by HL7, Inc (FHIR project team (example): 
        <a href="http://hl7.org/fhir">http://hl7.org/fhir</a>). Creative Commons 0
      </p>
      <div>
        <p>Example rule-based mappings between SNOMED CT to ICD-10-CM for fracture of ulna</p>

      </div>
      <br/>
      <table class="grid">
        <tr>
          <td>
            <b>Source Code</b>
          </td>
          <td>
            <b>Equivalence</b>
          </td>
          <td>
            <b>Destination Code</b>
          </td>
          <td>
            <b>Comment</b>
          </td>
        </tr>
        <tr>
          <td>263204007 (Fracture of shaft of ulna)</td>
          <td>narrower</td>
          <td>S52.209A</td>
          <td>The target mapping to ICD-10-CM is narrower, since additional patient data on the encounter (initial vs. subsequent) and fracture type is required for a valid ICD-10-CM mapping.</td>
        </tr>
        <tr>
          <td/>
          <td>narrower</td>
          <td>S52.209D</td>
          <td>The target mapping to ICD-10-CM is narrower, since additional patient data on the encounter (initial vs. subsequent), fracture type and healing (for subsequent encounter) is required for a valid ICD-10-CM mapping.</td>
        </tr>
      </table>
    </div>
  </text>
  <url value="http://hl7.org/fhir/ConceptMap/103"/>
  <identifier>
    <system value="urn:ietf:rfc:3986"/>
    <value value="urn:uuid:53cd62ee-033e-414c-9f58-3ca97b5ffc3b"/>
  </identifier>
  <version value="20120613"/>
  <name value="SNOMED CT to ICD-10-CM mappings for fracture of ulna"/>
  <status value="draft"/>
  <experimental value="true"/>
  <date value="2012-06-13"/>
  <publisher value="HL7, Inc"/>
  <contact>
    <name value="FHIR project team (example)"/>
    <telecom>
      <system value="url"/>
      <value value="http://hl7.org/fhir"/>
    </telecom>
  </contact>
  <description value="Example rule-based mappings between SNOMED CT to ICD-10-CM for fracture of ulna"/>
  <jurisdiction>
    <coding>
      <system value="http://unstats.un.org/unsd/methods/m49/m49.htm"/>
      <code value="840"/>
      <display value="United States of America"/>
    </coding>
  </jurisdiction>
  <purpose value="Show example rule based mappings"/>
  <copyright value="Creative Commons 0"/>
  <sourceCanonical value="http://snomed.info/id?fhir_vs"/>
  <targetCanonical value="http://hl7.org/fhir/sid/icd-10-us"/>
  <group>
    <source value="http://snomed.info/sct"/>
    <sourceVersion value="March 2015 US Edition"/>
    <target value="http://hl7.org/fhir/sid/icd-10-us"/>
    <targetVersion value="2015"/>
    <element>
      <code value="263204007"/>
      <target>
        <code value="S52.209A"/>
        <equivalence value="narrower"/>
        <comment value="The target mapping to ICD-10-CM is narrower, since additional patient data on the encounter (initial vs. subsequent) and fracture type is required for a valid ICD-10-CM mapping."/>
      </target>
    </element>
    <element>
      <target>
        <code value="S52.209D"/>
        <equivalence value="narrower"/>
        <comment value="The target mapping to ICD-10-CM is narrower, since additional patient data on the encounter (initial vs. subsequent), fracture type and healing (for subsequent encounter) is required for a valid ICD-10-CM mapping."/>
      </target>
    </element>
  </group>
</ConceptMap>