<?xml version="1.0" encoding="UTF-8"?>

<StructureDefinition xmlns="http://hl7.org/fhir">
  <id value="markdown"/>
  <text>
    <status value="generated"/>
    <div xmlns="http://www.w3.org/1999/xhtml">to do</div>
  </text>
  <extension url="http://hl7.org/fhir/StructureDefinition/structuredefinition-standards-status">
    <valueCode value="normative"/>
  </extension>
  <url value="http://hl7.org/fhir/StructureDefinition/markdown"/>
  <name value="markdown"/>
  <status value="draft"/>
  <date value="2018-10-28T19:38:54+00:00"/>
  <publisher value="HL7 FHIR Standard"/>
  <contact>
    <telecom>
      <system value="url"/>
      <value value="http://hl7.org/fhir"/>
    </telecom>
  </contact>
  <description value="Base StructureDefinition for markdown type: A string that may contain Github Flavored Markdown syntax for optional processing by a mark down presentation engine"/>
  <fhirVersion value="3.6.0"/>
  <kind value="primitive-type"/>
  <abstract value="false"/>
  <type value="markdown"/>
  <baseDefinition value="http://hl7.org/fhir/StructureDefinition/string"/>
  <derivation value="specialization"/>
  <snapshot>
    <element id="markdown">
      <path value="markdown"/>
      <short value="Primitive Type markdown"/>
      <definition value="A string that may contain Github Flavored Markdown syntax for optional processing by a mark down presentation engine"/>
      <comment value="Systems are not required to have markdown support, so the text should be readable without markdown processing. The markdown syntax is GFM - see https://github.github.com/gfm/"/>
      <min value="0"/>
      <max value="*"/>
      <base>
        <path value="markdown"/>
        <min value="0"/>
        <max value="*"/>
      </base>
      <constraint>
        <key value="ele-1"/>
        <severity value="error"/>
        <human value="All FHIR elements must have a @value or children"/>
        <expression value="hasValue() or (children().count() &gt; id.count())"/>
        <xpath value="@value|f:*|h:div"/>
        <source value="Element"/>
      </constraint>
      <isModifier value="false"/>
      <isSummary value="false"/>
    </element>
    <element id="markdown.id">
      <path value="markdown.id"/>
      <representation value="xmlAttr"/>
      <short value="xml:id (or equivalent in JSON)"/>
      <definition value="unique id for the element within a resource (for internal references)"/>
      <min value="0"/>
      <max value="1"/>
      <base>
        <path value="Element.id"/>
        <min value="0"/>
        <max value="1"/>
      </base>
      <type>
        <code value="string"/>
      </type>
      <isModifier value="false"/>
      <isSummary value="false"/>
    </element>
    <element id="markdown.extension">
      <path value="markdown.extension"/>
      <short value="Additional content defined by implementations"/>
      <definition value="May be used to represent additional information that is not part of the basic definition of the resource. To make the use of extensions safe and manageable, there is a strict set of governance  applied to the definition and use of extensions. Though any implementer can define an extension, there is a set of requirements that SHALL be met as part of the definition of the extension."/>
      <comment value="There can be no stigma associated with the use of extensions by any application, project, or standard - regardless of the institution or jurisdiction that uses or defines the extensions.  The use of extensions is what allows the FHIR specification to retain a core level of simplicity for everyone."/>
      <alias value="extensions"/>
      <alias value="user content"/>
      <min value="0"/>
      <max value="*"/>
      <base>
        <path value="Element.extension"/>
        <min value="0"/>
        <max value="*"/>
      </base>
      <type>
        <code value="Extension"/>
      </type>
      <isModifier value="false"/>
      <isSummary value="false"/>
    </element>
    <element id="markdown.value">
      <path value="markdown.value"/>
      <representation value="xmlAttr"/>
      <short value="Primitive value for markdown"/>
      <definition value="Primitive value for markdown"/>
      <min value="0"/>
      <max value="1"/>
      <base>
        <path value="string.value"/>
        <min value="0"/>
        <max value="1"/>
      </base>
    <!-- Note: primitive values do not have an assigned type. e.g. this is compiler magic. XML, JSON and RDF types provided by extension -->
      <type>
        <extension url="http://hl7.org/fhir/StructureDefinition/regex">
          <valueString value="[ \r\n\t\S]+"/>
        </extension>
        <code>
          <extension url="http://hl7.org/fhir/StructureDefinition/structuredefinition-json-type">
            <valueString value="string"/>
          </extension>
          <extension url="http://hl7.org/fhir/StructureDefinition/structuredefinition-xml-type">
            <valueString value="xsd:string"/>
          </extension>
          <extension url="http://hl7.org/fhir/StructureDefinition/structuredefinition-rdf-type">
            <valueString value="xsd:string"/>
          </extension>
        </code>
      </type>
      <isModifier value="false"/>
      <isSummary value="false"/>
    </element>
  </snapshot>
  <differential>
    <element id="markdown">
      <path value="markdown"/>
      <short value="Primitive Type markdown"/>
      <definition value="A string that may contain Github Flavored Markdown syntax for optional processing by a mark down presentation engine"/>
      <comment value="Systems are not required to have markdown support, so the text should be readable without markdown processing. The markdown syntax is GFM - see https://github.github.com/gfm/"/>
      <min value="0"/>
      <max value="*"/>
    </element>
    <element id="markdown.value">
      <path value="markdown.value"/>
      <representation value="xmlAttr"/>
      <short value="Primitive value for markdown"/>
      <definition value="Primitive value for markdown"/>
      <min value="0"/>
      <max value="1"/>
    <!-- Note: primitive values do not have an assigned type. e.g. this is compiler magic. XML, JSON and RDF types provided by extension -->
      <type>
        <extension url="http://hl7.org/fhir/StructureDefinition/regex">
          <valueString value="[ \r\n\t\S]+"/>
        </extension>
        <code>
          <extension url="http://hl7.org/fhir/StructureDefinition/structuredefinition-json-type">
            <valueString value="string"/>
          </extension>
          <extension url="http://hl7.org/fhir/StructureDefinition/structuredefinition-xml-type">
            <valueString value="xsd:string"/>
          </extension>
          <extension url="http://hl7.org/fhir/StructureDefinition/structuredefinition-rdf-type">
            <valueString value="xsd:string"/>
          </extension>
        </code>
      </type>
    </element>
  </differential>
</StructureDefinition>