<?xml version="1.0" encoding="UTF-8"?><MedicationRequest xmlns="http://hl7.org/fhir">
    <id value="medrx0330"/>
    <meta>
    <security>
      <system value="http://hl7.org/fhir/v3/ActReason"/>
      <code value="HTEST"/>
      <display value="test health data"/>
    </security>
  </meta>
  <text><status value="generated"/><div xmlns="http://www.w3.org/1999/xhtml"><p><b>Generated Narrative with Details</b></p><p><b>id</b>: medrx0330</p><p><b>contained</b>: </p><p><b>identifier</b>: 12345689 (OFFICIAL)</p><p><b>status</b>: active</p><p><b>intent</b>: order</p><p><b>medication</b>: id: med0305; Timoptic 5mg/ml solution <span>(Details : {http://hl7.org/fhir/sid/ndc code '2501-813-16' = '2501-813-16', given as 'Timoptic 5mg/ml solution'})</span></p><p><b>subject</b>: <a>Donald Duck</a></p><p><b>context</b>: <a>encounter who leads to this prescription</a></p><p><b>authoredOn</b>: Jan 15, 2015</p><p><b>requester</b>: <a>Patrick Pump</a></p><p><b>dosageInstruction</b>: </p><h3>DispenseRequests</h3><table><tr><td>-</td><td><b>ValidityPeriod</b></td><td><b>NumberOfRepeatsAllowed</b></td><td><b>Quantity</b></td><td><b>ExpectedSupplyDuration</b></td></tr><tr><td>*</td><td>Jan 15, 2015 --&gt; Jan 15, 2016</td><td>1</td><td>10 mL<span> (Details: UCUM code mL = 'mL')</span></td><td>30 days<span> (Details: UCUM code d = 'd')</span></td></tr></table><h3>Substitutions</h3><table><tr><td>-</td><td><b>Allowed[x]</b></td><td><b>Reason</b></td></tr><tr><td>*</td><td>false</td><td>formulary policy <span>(Details : {http://terminology.hl7.org/CodeSystem/v3-ActReason code 'FP' = 'formulary policy', given as 'formulary policy'})</span></td></tr></table></div></text><contained>
      <Medication>
          <id value="med0305"/>
          <code>
              <coding>
                  <system value="http://hl7.org/fhir/sid/ndc"/>
                  <code value="2501-813-16"/>
                  <display value="Timoptic 5mg/ml solution"/>
              </coding>
          </code>
      </Medication>
  </contained>
    <identifier>
        <use value="official"/>
        <system value="http://www.bmc.nl/portal/prescriptions"/>
        <value value="12345689"/>
    </identifier>
    <status value="active"/>
    <intent value="order"/>
    <medicationReference> <!--   Linked to a RESOURCE Medication   -->
           <reference value="#med0305"/>
    </medicationReference> 
    <subject> <!--   Linked to the resource patient who needs the medication   -->
        <reference value="Patient/pat1"/>
        <display value="Donald Duck"/>        
    </subject>
    <context> <!--   Linked to a resource Encounter between patient and practitioner  -->
        <reference value="Encounter/f002"/>
        <display value="encounter who leads to this prescription"/>
    </context>
    <authoredOn value="2015-01-15"/>
    <requester>
        <reference value="Practitioner/f007"/>
        <display value="Patrick Pump"/>
    </requester>
    <dosageInstruction>
        <sequence value="1"/>
        <text value="Instil one drop in each eye twice daily"/>
        <timing>
            <repeat>
                <frequency value="2"/>
                <period value="1"/>
                <periodUnit value="d"/>
            </repeat>
        </timing>
        <route>
            <coding>
                <system value="http://snomed.info/sct"/>
                <code value="54485002"/>
                <display value="Ophthalmic route (qualifier value)"/>
            </coding>
        </route>
        <method>
            <coding>
                <system value="http://snomed.info/sct"/>
                <code value="421538008"/>
                <display value="Instill - dosing instruction imperative (qualifier value)"/>
            </coding>
        </method>
        <doseAndRate>
            <type>
                <coding>
                    <system value="http://terminology.hl7.org/CodeSystem/dose-rate-type"/>
                    <code value="ordered"/>
                    <display value="Ordered"/>
                </coding>
            </type>
            <doseQuantity>
                <value value="1"/>
                <unit value="OPDROP"/>
                <system value="http://terminology.hl7.org/CodeSystem/v3-orderableDrugForm"/>
                <code value="OPDROP"/> 
            </doseQuantity>
        </doseAndRate>
        
    </dosageInstruction>
    <dispenseRequest>
        <validityPeriod>
            <start value="2015-01-15"/>
            <end value="2016-01-15"/>
        </validityPeriod>
        <numberOfRepeatsAllowed value="1"/>
        <quantity>
            <value value="10"/>
            <unit value="mL"/>
            <system value="http://unitsofmeasure.org"/>
            <code value="mL"/> 
        </quantity>
        <expectedSupplyDuration>
            <value value="30"/>
            <unit value="days"/>
            <system value="http://unitsofmeasure.org"/>
            <code value="d"/> 
        </expectedSupplyDuration>
    </dispenseRequest>   
    <substitution>
        <allowedBoolean value="false"/>
        <reason>
            <coding>
                <system value="http://terminology.hl7.org/CodeSystem/v3-ActReason"/>
                <code value="FP"/>
                <display value="formulary policy"/>             
            </coding>
        </reason>
    </substitution>
</MedicationRequest>