<?xml version="1.0" encoding="UTF-8"?><Observation xmlns="http://hl7.org/fhir">
	<id value="example-TPMT-haplotype-one"/>
	<meta>
    <security>
      <system value="http://hl7.org/fhir/v3/ActReason"/>
      <code value="HTEST"/>
      <display value="test health data"/>
    </security>
  </meta>
  <text><status value="generated"/><div xmlns="http://www.w3.org/1999/xhtml"><p><b>Generated Narrative with Details</b></p><p><b>id</b>: example-TPMT-haplotype-one</p><p><b>status</b>: unknown</p><p><b>code</b>: Haplotype Call <span>(Details : {SNOMED CT code '363779003' = '363779003', given as 'Genotype determination'})</span></p><p><b>subject</b>: <a>E***********</a></p><p><b>issued</b>: Apr 3, 2013 3:30:10 PM</p><p><b>value</b>: *1 <span>(Details : {http://pharmakb.org code 'PA166128347' = 'PA166128347', given as '*1'})</span></p><p><b>derivedFrom</b>: <a>Sequence/example-TPMT-one</a></p></div></text><extension url="http://hl7.org/fhir/StructureDefinition/observation-geneticsGene">
		<valueCodeableConcept>
			<coding>
				<system value="http://www.genenames.org"/>
				<code value="12014"/>
				<display value="TPMT"/>
			</coding>
		</valueCodeableConcept>
	</extension>
	<status value="unknown"/>
	<code>
		<coding>
			<system value="http://snomed.info"/>
			<code value="363779003"/>
			<display value="Genotype determination"/>
		</coding>
		<text value="Haplotype Call"/>
	</code>
	<subject>
		<reference value="Patient/example"/>
		<display value="E***********"/>
	</subject>
	<issued value="2013-04-03T15:30:10+01:00"/>
	<valueCodeableConcept>
		<coding>
			<system value="http://pharmakb.org"/>
			<code value="PA166128347"/>
			<display value="*1"/>
		</coding>
	</valueCodeableConcept>
	<derivedFrom>
		<reference value="Sequence/example-TPMT-one"/>
	</derivedFrom>
</Observation>