<?xml version="1.0" encoding="UTF-8"?><ProcessRequest xmlns="http://hl7.org/fhir">
 <id value="1111"/>

 <meta>
    <security>
      <system value="http://hl7.org/fhir/v3/ActReason"/>
      <code value="HTEST"/>
      <display value="test health data"/>
    </security>
  </meta>
  <text>
    <status value="generated"/>
    <div xmlns="http://www.w3.org/1999/xhtml">A human-readable rendering of the Poll ProcessRequest</div>
  </text>

  <identifier>
    <system value="http://happyvalley.com/processrequest"/>
    <value value="111"/>
  </identifier>

  <status value="active"/>
 
  <action value="poll"/>

  <target>
    <identifier>
	  <system value="http://ninsurers.org/payorid"/>
	  <value value="WI12345"/>
	</identifier>
  </target>
  
  <created value="2014-08-16"/>

  <provider>
    <identifier>
	  <system value="http://npid.org/providerid"/>
	  <value value="AF12345"/>
	</identifier>
  </provider>
  
  <request>
    <reference value="http://benefitco.com/oralhealthclaim/12345"/>
  </request>

 </ProcessRequest>