<?xml version="1.0" encoding="UTF-8"?>

<ConceptMap xmlns="http://hl7.org/fhir">
  <id value="sc-location-status"/>
  <text>
    <status value="generated"/>
    <div xmlns="http://www.w3.org/1999/xhtml">
      <h2>LocationStatusCanonicalMap (http://hl7.org/fhir/ConceptMap/sc-location-status)</h2>
      <p>Mapping from 
        <a href="valueset-location-status.html">http://hl7.org/fhir/ValueSet/location-status</a> to 
        <a href="valueset-resource-status.html">http://hl7.org/fhir/ValueSet/resource-status</a>
      </p>
      <p>DRAFT. Published on Oct 28, 2018 7:38:54 PM by HL7 (FHIR Project) (
        <a href="http://hl7.org/fhir">http://hl7.org/fhir</a>, 
        <a href="mailto:fhir@lists.hl7.org">fhir@lists.hl7.org</a>). 
      </p>
      <div>
        <p>Canonical Mapping for &quot;Indicates whether the location is still in use.&quot;</p>

      </div>
      <br/>
      <table class="grid">
        <tr>
          <td>
            <b>Source Code</b>
          </td>
          <td>
            <b>Equivalence</b>
          </td>
          <td>
            <b>Destination Code</b>
          </td>
        </tr>
        <tr>
          <td>active</td>
          <td>equivalent</td>
          <td>active</td>
        </tr>
        <tr>
          <td>suspended</td>
          <td>equivalent</td>
          <td>suspended</td>
        </tr>
        <tr>
          <td>inactive</td>
          <td>equivalent</td>
          <td>inactive</td>
        </tr>
      </table>
    </div>
  </text>
  <url value="http://hl7.org/fhir/ConceptMap/sc-location-status"/>
  <version value="3.6.0"/>
  <name value="LocationStatusCanonicalMap"/>
  <title value="Canonical Mapping for &quot;LocationStatus&quot;"/>
  <status value="draft"/>
  <date value="2018-10-28T19:38:54+00:00"/>
  <publisher value="HL7 (FHIR Project)"/>
  <contact>
    <telecom>
      <system value="url"/>
      <value value="http://hl7.org/fhir"/>
    </telecom>
    <telecom>
      <system value="email"/>
      <value value="fhir@lists.hl7.org"/>
    </telecom>
  </contact>
  <description value="Canonical Mapping for &quot;Indicates whether the location is still in use.&quot;"/>
  <sourceCanonical value="http://hl7.org/fhir/ValueSet/location-status"/>
  <targetCanonical value="http://hl7.org/fhir/ValueSet/resource-status"/>
  <group>
    <source value="http://hl7.org/fhir/location-status"/>
    <target value="http://hl7.org/fhir/resource-status"/>
    <element>
      <code value="active"/>
      <target>
        <code value="active"/>
        <equivalence value="equivalent"/>
      </target>
    </element>
    <element>
      <code value="suspended"/>
      <target>
        <code value="suspended"/>
        <equivalence value="equivalent"/>
      </target>
    </element>
    <element>
      <code value="inactive"/>
      <target>
        <code value="inactive"/>
        <equivalence value="equivalent"/>
      </target>
    </element>
  </group>
</ConceptMap>