<?xml version="1.0" encoding="UTF-8"?>

<ConceptMap xmlns="http://hl7.org/fhir">
  <id value="sc-questionnaire-answers-status"/>
  <text>
    <status value="generated"/>
    <div xmlns="http://www.w3.org/1999/xhtml">
      <h2>QuestionnaireResponseStatusCanonicalMap (http://hl7.org/fhir/ConceptMap/sc-questionnaire-answers-status)</h2>
      <p>Mapping from 
        <a href="valueset-questionnaire-answers-status.html">http://hl7.org/fhir/ValueSet/questionnaire-answers-status</a> to 
        <a href="valueset-resource-status.html">http://hl7.org/fhir/ValueSet/resource-status</a>
      </p>
      <p>DRAFT. Published on Oct 28, 2018 7:38:54 PM by HL7 (FHIR Project) (
        <a href="http://hl7.org/fhir">http://hl7.org/fhir</a>, 
        <a href="mailto:fhir@lists.hl7.org">fhir@lists.hl7.org</a>). 
      </p>
      <div>
        <p>Canonical Mapping for &quot;Lifecycle status of the questionnaire response.&quot;</p>

      </div>
      <br/>
      <table class="grid">
        <tr>
          <td>
            <b>Source Code</b>
          </td>
          <td>
            <b>Equivalence</b>
          </td>
          <td>
            <b>Destination Code</b>
          </td>
        </tr>
        <tr>
          <td>entered-in-error</td>
          <td>equivalent</td>
          <td>error</td>
        </tr>
        <tr>
          <td>in-progress</td>
          <td>equivalent</td>
          <td>active</td>
        </tr>
        <tr>
          <td>stopped</td>
          <td>equivalent</td>
          <td>failed</td>
        </tr>
        <tr>
          <td>amended</td>
          <td>equivalent</td>
          <td>replaced</td>
        </tr>
        <tr>
          <td>completed</td>
          <td>equivalent</td>
          <td>complete</td>
        </tr>
      </table>
    </div>
  </text>
  <url value="http://hl7.org/fhir/ConceptMap/sc-questionnaire-answers-status"/>
  <version value="3.6.0"/>
  <name value="QuestionnaireResponseStatusCanonicalMap"/>
  <title value="Canonical Mapping for &quot;QuestionnaireResponseStatus&quot;"/>
  <status value="draft"/>
  <date value="2018-10-28T19:38:54+00:00"/>
  <publisher value="HL7 (FHIR Project)"/>
  <contact>
    <telecom>
      <system value="url"/>
      <value value="http://hl7.org/fhir"/>
    </telecom>
    <telecom>
      <system value="email"/>
      <value value="fhir@lists.hl7.org"/>
    </telecom>
  </contact>
  <description value="Canonical Mapping for &quot;Lifecycle status of the questionnaire response.&quot;"/>
  <sourceCanonical value="http://hl7.org/fhir/ValueSet/questionnaire-answers-status"/>
  <targetCanonical value="http://hl7.org/fhir/ValueSet/resource-status"/>
  <group>
    <source value="http://hl7.org/fhir/questionnaire-answers-status"/>
    <target value="http://hl7.org/fhir/resource-status"/>
    <element>
      <code value="entered-in-error"/>
      <target>
        <code value="error"/>
        <equivalence value="equivalent"/>
      </target>
    </element>
    <element>
      <code value="in-progress"/>
      <target>
        <code value="active"/>
        <equivalence value="equivalent"/>
      </target>
    </element>
    <element>
      <code value="stopped"/>
      <target>
        <code value="failed"/>
        <equivalence value="equivalent"/>
      </target>
    </element>
    <element>
      <code value="amended"/>
      <target>
        <code value="replaced"/>
        <equivalence value="equivalent"/>
      </target>
    </element>
    <element>
      <code value="completed"/>
      <target>
        <code value="complete"/>
        <equivalence value="equivalent"/>
      </target>
    </element>
  </group>
</ConceptMap>