<?xml version="1.0" encoding="UTF-8"?>

<ConceptMap xmlns="http://hl7.org/fhir">
  <id value="sc-allergyintolerance-clinical"/>
  <text>
    <status value="generated"/>
    <div xmlns="http://www.w3.org/1999/xhtml">
      <h2>AllergyIntoleranceClinicalStatusCodesCanonicalMap (http://hl7.org/fhir/ConceptMap/sc-allergyintolerance-clinical)</h2>
      <p>Mapping from 
        <a href="valueset-allergyintolerance-clinical.html">http://hl7.org/fhir/ValueSet/allergyintolerance-clinical</a> to 
        <a href="valueset-resource-status.html">http://hl7.org/fhir/ValueSet/resource-status</a>
      </p>
      <p>DRAFT. Published on Oct 28, 2018 7:38:54 PM by FHIR Project team (
        <a href="http://hl7.org/fhir">http://hl7.org/fhir</a>). 
      </p>
      <div>
        <p>Canonical Mapping for &quot;Preferred value set for AllergyIntolerance Clinical Status.&quot;</p>

      </div>
      <br/>
      <table class="grid">
        <tr>
          <td>
            <b>Source Code</b>
          </td>
          <td>
            <b>Equivalence</b>
          </td>
          <td>
            <b>Destination Code</b>
          </td>
        </tr>
        <tr>
          <td>active</td>
          <td>equivalent</td>
          <td>active</td>
        </tr>
        <tr>
          <td>inactive</td>
          <td>equivalent</td>
          <td>inactive</td>
        </tr>
        <tr>
          <td>resolved</td>
          <td>equivalent</td>
          <td>resolved</td>
        </tr>
      </table>
    </div>
  </text>
  <url value="http://hl7.org/fhir/ConceptMap/sc-allergyintolerance-clinical"/>
  <version value="3.6.0"/>
  <name value="AllergyIntoleranceClinicalStatusCodesCanonicalMap"/>
  <title value="Canonical Mapping for &quot;AllergyIntolerance Clinical Status Codes&quot;"/>
  <status value="draft"/>
  <date value="2018-10-28T19:38:54+00:00"/>
  <publisher value="FHIR Project team"/>
  <contact>
    <telecom>
      <system value="url"/>
      <value value="http://hl7.org/fhir"/>
    </telecom>
  </contact>
  <description value="Canonical Mapping for &quot;Preferred value set for AllergyIntolerance Clinical Status.&quot;"/>
  <sourceCanonical value="http://hl7.org/fhir/ValueSet/allergyintolerance-clinical"/>
  <targetCanonical value="http://hl7.org/fhir/ValueSet/resource-status"/>
  <group>
    <source value="http://terminology.hl7.org/CodeSystem/allergyintolerance-clinical"/>
    <target value="http://hl7.org/fhir/resource-status"/>
    <element>
      <code value="active"/>
      <target>
        <code value="active"/>
        <equivalence value="equivalent"/>
      </target>
    </element>
    <element>
      <code value="inactive"/>
      <target>
        <code value="inactive"/>
        <equivalence value="equivalent"/>
      </target>
    </element>
    <element>
      <code value="resolved"/>
      <target>
        <code value="resolved"/>
        <equivalence value="equivalent"/>
      </target>
    </element>
  </group>
</ConceptMap>