<?xml version="1.0" encoding="UTF-8"?>

<ConceptMap xmlns="http://hl7.org/fhir">
  <id value="sc-chargeitem-status"/>
  <text>
    <status value="generated"/>
    <div xmlns="http://www.w3.org/1999/xhtml">
      <h2>ChargeItemStatusCanonicalMap (http://hl7.org/fhir/ConceptMap/sc-chargeitem-status)</h2>
      <p>Mapping from 
        <a href="valueset-chargeitem-status.html">http://hl7.org/fhir/ValueSet/chargeitem-status</a> to 
        <a href="valueset-resource-status.html">http://hl7.org/fhir/ValueSet/resource-status</a>
      </p>
      <p>DRAFT. Published on Oct 28, 2018 7:38:54 PM by HL7 (FHIR Project) (
        <a href="http://hl7.org/fhir">http://hl7.org/fhir</a>, 
        <a href="mailto:fhir@lists.hl7.org">fhir@lists.hl7.org</a>). 
      </p>
      <div>
        <p>Canonical Mapping for &quot;Codes identifying the lifecycle stage of a ChargeItem.&quot;</p>

      </div>
      <br/>
      <table class="grid">
        <tr>
          <td>
            <b>Source Code</b>
          </td>
          <td>
            <b>Equivalence</b>
          </td>
          <td>
            <b>Destination Code</b>
          </td>
        </tr>
        <tr>
          <td>entered-in-error</td>
          <td>equivalent</td>
          <td>error</td>
        </tr>
        <tr>
          <td>planned</td>
          <td>equivalent</td>
          <td>planned</td>
        </tr>
        <tr>
          <td>not-billable</td>
          <td>equivalent</td>
          <td>declined</td>
        </tr>
        <tr>
          <td>billable</td>
          <td>equivalent</td>
          <td>active</td>
        </tr>
        <tr>
          <td>aborted</td>
          <td>equivalent</td>
          <td>failed</td>
        </tr>
        <tr>
          <td>billed</td>
          <td>equivalent</td>
          <td>complete</td>
        </tr>
        <tr>
          <td>unknown</td>
          <td>equivalent</td>
          <td>unknown</td>
        </tr>
      </table>
    </div>
  </text>
  <url value="http://hl7.org/fhir/ConceptMap/sc-chargeitem-status"/>
  <version value="3.6.0"/>
  <name value="ChargeItemStatusCanonicalMap"/>
  <title value="Canonical Mapping for &quot;ChargeItemStatus&quot;"/>
  <status value="draft"/>
  <date value="2018-10-28T19:38:54+00:00"/>
  <publisher value="HL7 (FHIR Project)"/>
  <contact>
    <telecom>
      <system value="url"/>
      <value value="http://hl7.org/fhir"/>
    </telecom>
    <telecom>
      <system value="email"/>
      <value value="fhir@lists.hl7.org"/>
    </telecom>
  </contact>
  <description value="Canonical Mapping for &quot;Codes identifying the lifecycle stage of a ChargeItem.&quot;"/>
  <sourceCanonical value="http://hl7.org/fhir/ValueSet/chargeitem-status"/>
  <targetCanonical value="http://hl7.org/fhir/ValueSet/resource-status"/>
  <group>
    <source value="http://hl7.org/fhir/chargeitem-status"/>
    <target value="http://hl7.org/fhir/resource-status"/>
    <element>
      <code value="entered-in-error"/>
      <target>
        <code value="error"/>
        <equivalence value="equivalent"/>
      </target>
    </element>
    <element>
      <code value="planned"/>
      <target>
        <code value="planned"/>
        <equivalence value="equivalent"/>
      </target>
    </element>
    <element>
      <code value="not-billable"/>
      <target>
        <code value="declined"/>
        <equivalence value="equivalent"/>
      </target>
    </element>
    <element>
      <code value="billable"/>
      <target>
        <code value="active"/>
        <equivalence value="equivalent"/>
      </target>
    </element>
    <element>
      <code value="aborted"/>
      <target>
        <code value="failed"/>
        <equivalence value="equivalent"/>
      </target>
    </element>
    <element>
      <code value="billed"/>
      <target>
        <code value="complete"/>
        <equivalence value="equivalent"/>
      </target>
    </element>
    <element>
      <code value="unknown"/>
      <target>
        <code value="unknown"/>
        <equivalence value="equivalent"/>
      </target>
    </element>
  </group>
</ConceptMap>