<?xml version="1.0" encoding="UTF-8"?>

<ConceptMap xmlns="http://hl7.org/fhir">
  <id value="sc-immunization-status"/>
  <text>
    <status value="generated"/>
    <div xmlns="http://www.w3.org/1999/xhtml">
      <h2>ImmunizationStatusCodesCanonicalMap (http://hl7.org/fhir/ConceptMap/sc-immunization-status)</h2>
      <p>Mapping from 
        <a href="valueset-immunization-status.html">http://hl7.org/fhir/ValueSet/immunization-status</a> to 
        <a href="valueset-resource-status.html">http://hl7.org/fhir/ValueSet/resource-status</a>
      </p>
      <p>DRAFT. Published on Oct 28, 2018 7:38:54 PM by FHIR Project team (
        <a href="http://hl7.org/fhir">http://hl7.org/fhir</a>). 
      </p>
      <div>
        <p>Canonical Mapping for &quot;The value set to instantiate this attribute should be drawn from a terminologically robust code system that consists of or contains concepts to support describing the current status of the administered dose of vaccine.&quot;</p>

      </div>
      <br/>
      <table class="grid">
        <tr>
          <td>
            <b>Source Code</b>
          </td>
          <td>
            <b>Equivalence</b>
          </td>
          <td>
            <b>Destination Code</b>
          </td>
        </tr>
        <tr>
          <td>entered-in-error</td>
          <td>equivalent</td>
          <td>error</td>
        </tr>
        <tr>
          <td>in-progress</td>
          <td>equivalent</td>
          <td>active</td>
        </tr>
        <tr>
          <td>on-hold</td>
          <td>equivalent</td>
          <td>suspended</td>
        </tr>
        <tr>
          <td>stopped</td>
          <td>equivalent</td>
          <td>failed</td>
        </tr>
        <tr>
          <td>completed</td>
          <td>equivalent</td>
          <td>complete</td>
        </tr>
      </table>
    </div>
  </text>
  <url value="http://hl7.org/fhir/ConceptMap/sc-immunization-status"/>
  <version value="3.6.0"/>
  <name value="ImmunizationStatusCodesCanonicalMap"/>
  <title value="Canonical Mapping for &quot;Immunization Status Codes&quot;"/>
  <status value="draft"/>
  <date value="2018-10-28T19:38:54+00:00"/>
  <publisher value="FHIR Project team"/>
  <contact>
    <telecom>
      <system value="url"/>
      <value value="http://hl7.org/fhir"/>
    </telecom>
  </contact>
  <description value="Canonical Mapping for &quot;The value set to instantiate this attribute should be drawn from a terminologically robust code system that consists of or contains concepts to support describing the current status of the administered dose of vaccine.&quot;"/>
  <sourceCanonical value="http://hl7.org/fhir/ValueSet/immunization-status"/>
  <targetCanonical value="http://hl7.org/fhir/ValueSet/resource-status"/>
  <group>
    <source value="http://hl7.org/fhir/event-status"/>
    <target value="http://hl7.org/fhir/resource-status"/>
    <element>
      <code value="entered-in-error"/>
      <target>
        <code value="error"/>
        <equivalence value="equivalent"/>
      </target>
    </element>
    <element>
      <code value="in-progress"/>
      <target>
        <code value="active"/>
        <equivalence value="equivalent"/>
      </target>
    </element>
    <element>
      <code value="on-hold"/>
      <target>
        <code value="suspended"/>
        <equivalence value="equivalent"/>
      </target>
    </element>
    <element>
      <code value="stopped"/>
      <target>
        <code value="failed"/>
        <equivalence value="equivalent"/>
      </target>
    </element>
    <element>
      <code value="completed"/>
      <target>
        <code value="complete"/>
        <equivalence value="equivalent"/>
      </target>
    </element>
  </group>
</ConceptMap>