<?xml version="1.0" encoding="UTF-8"?>

<StructureDefinition xmlns="http://hl7.org/fhir">
  <id value="xhtml"/>
  <text>
    <status value="generated"/>
    <div xmlns="http://www.w3.org/1999/xhtml">to do</div>
  </text>
  <extension url="http://hl7.org/fhir/StructureDefinition/structuredefinition-standards-status">
    <valueCode value="normative"/>
  </extension>
  <url value="http://hl7.org/fhir/StructureDefinition/xhtml"/>
  <name value="xhtml"/>
  <status value="draft"/>
  <date value="2018-10-28T19:38:54+00:00"/>
  <publisher value="HL7 FHIR Standard"/>
  <contact>
    <telecom>
      <system value="url"/>
      <value value="http://hl7.org/fhir"/>
    </telecom>
  </contact>
  <description value="Base StructureDefinition for xhtml Type"/>
  <fhirVersion value="3.6.0"/>
  <kind value="primitive-type"/>
  <abstract value="false"/>
  <type value="xhtml"/>
  <baseDefinition value="http://hl7.org/fhir/StructureDefinition/Element"/>
  <derivation value="specialization"/>
  <snapshot>
    <element id="xhtml">
      <path value="xhtml"/>
      <short value="Primitive Type xhtml"/>
      <definition value="XHTML"/>
      <min value="0"/>
      <max value="*"/>
      <base>
        <path value="xhtml"/>
        <min value="0"/>
        <max value="*"/>
      </base>
      <isModifier value="false"/>
      <isSummary value="false"/>
    </element>
    <element id="xhtml.id">
      <path value="xhtml.id"/>
      <representation value="xmlAttr"/>
      <short value="xml:id (or equivalent in JSON)"/>
      <definition value="unique id for the element within a resource (for internal references)"/>
      <min value="0"/>
      <max value="1"/>
      <base>
        <path value="Element.id"/>
        <min value="0"/>
        <max value="1"/>
      </base>
      <type>
        <code value="string"/>
      </type>
      <isModifier value="false"/>
      <isSummary value="false"/>
    </element>
    <element id="xhtml.extension">
      <path value="xhtml.extension"/>
      <short value="Additional content defined by implementations"/>
      <definition value="May be used to represent additional information that is not part of the basic definition of the resource. To make the use of extensions safe and manageable, there is a strict set of governance  applied to the definition and use of extensions. Though any implementer can define an extension, there is a set of requirements that SHALL be met as part of the definition of the extension."/>
      <comment value="There can be no stigma associated with the use of extensions by any application, project, or standard - regardless of the institution or jurisdiction that uses or defines the extensions.  The use of extensions is what allows the FHIR specification to retain a core level of simplicity for everyone."/>
      <alias value="extensions"/>
      <alias value="user content"/>
      <min value="0"/>
      <max value="0"/>
      <base>
        <path value="Element.extension"/>
        <min value="0"/>
        <max value="*"/>
      </base>
      <type>
        <code value="Extension"/>
      </type>
      <isModifier value="false"/>
      <isSummary value="false"/>
    </element>
    <element id="xhtml.value">
      <path value="xhtml.value"/>
      <representation value="xhtml"/>
      <short value="Actual xhtml"/>
      <definition value="Actual xhtml"/>
      <min value="1"/>
      <max value="1"/>
      <base>
        <path value="xhtml.value"/>
        <min value="1"/>
        <max value="1"/>
      </base>
    <!-- Note: primitive values do not have an assigned type. e.g. this is compiler magic. XML, JSON and RDF types provided by extension -->
      <type>
        <code>
          <extension url="http://hl7.org/fhir/StructureDefinition/structuredefinition-json-type">
            <valueString value="string"/>
          </extension>
          <extension url="http://hl7.org/fhir/StructureDefinition/structuredefinition-xml-type">
            <valueString value="xhtml:div"/>
          </extension>
          <extension url="http://hl7.org/fhir/StructureDefinition/structuredefinition-rdf-type">
            <valueString value="string"/>
          </extension>
        </code>
      </type>
      <isModifier value="false"/>
      <isSummary value="false"/>
    </element>
  </snapshot>
  <differential>
    <element id="xhtml">
      <path value="xhtml"/>
      <short value="Primitive Type xhtml"/>
      <definition value="XHTML"/>
      <min value="0"/>
      <max value="*"/>
    </element>
    <element id="xhtml.extension">
      <path value="xhtml.extension"/>
      <max value="0"/>
    </element>
    <element id="xhtml.value">
      <path value="xhtml.value"/>
      <representation value="xhtml"/>
      <short value="Actual xhtml"/>
      <definition value="Actual xhtml"/>
      <min value="1"/>
      <max value="1"/>
    <!-- Note: primitive values do not have an assigned type. e.g. this is compiler magic. XML, JSON and RDF types provided by extension -->
      <type>
        <code>
          <extension url="http://hl7.org/fhir/StructureDefinition/structuredefinition-json-type">
            <valueString value="string"/>
          </extension>
          <extension url="http://hl7.org/fhir/StructureDefinition/structuredefinition-xml-type">
            <valueString value="xhtml:div"/>
          </extension>
          <extension url="http://hl7.org/fhir/StructureDefinition/structuredefinition-rdf-type">
            <valueString value="string"/>
          </extension>
        </code>
      </type>
    </element>
  </differential>
</StructureDefinition>